{
    "aurc_balanced": 0.2961865301356247,
    "aurc_worst": 0.4468435013923958,
    "aurc_balanced_02_10": 0.3634828886443722,
    "aurc_worst_02_10": 0.5447853061626546,
    "aurc_balanced_bootstrap": {
        "mean": 0.29518645344594735,
        "95ci_lower": 0.25461643893571156,
        "95ci_upper": 0.3390782792314034
    },
    "metrics_at_coverage": {
        "cov_0.7": {
            "coverage": 0.7002821739663845,
            "balanced_error": 0.43444417218002124,
            "worst_error": 0.6363636363636364,
            "group_errors": [
                0.23252470799640612,
                0.6363636363636364
            ],
            "overall_error": 0.24264190609670633
        },
        "cov_0.8": {
            "coverage": 0.8001472211998528,
            "balanced_error": 0.4754809208451593,
            "worst_error": 0.6666666666666667,
            "group_errors": [
                0.28429517502365187,
                0.6666666666666667
            ],
            "overall_error": 0.2948482060717571
        },
        "cov_0.9": {
            "coverage": 0.9001349527665317,
            "balanced_error": 0.514754872130943,
            "worst_error": 0.6944444444444444,
            "group_errors": [
                0.3350652998174414,
                0.6944444444444444
            ],
            "overall_error": 0.3456453591386125
        }
    },
    "plugin_metrics_at_threshold": {
        "coverage": 0.5988222304011778,
        "balanced_error": 0.379567480258435,
        "worst_error": 0.5809523809523809,
        "group_errors": [
            0.17818257956448913,
            0.5809523809523809
        ],
        "overall_error": 0.18684695759065761
    },
    "ece": 0.023298781365156174,
    "selective_risks": {
        "cost_0.3": {
            "balanced": 0.32340924671127647,
            "worst": 0.4204081751659615
        },
        "cost_0.5": {
            "balanced": 0.4201422893090472,
            "worst": 0.5346938886001809
        },
        "cost_0.7": {
            "balanced": 0.5168753319068178,
            "worst": 0.6489796020344002
        }
    }
}