{
    "aurc_balanced": 0.3065314029104458,
    "aurc_worst": 0.47311144234895075,
    "aurc_balanced_02_10": 0.3741950752314785,
    "aurc_worst_02_10": 0.5724202828427378,
    "aurc_balanced_bootstrap": {
        "mean": 0.3090995691102971,
        "95ci_lower": 0.25754272478588086,
        "95ci_upper": 0.4030613621521048
    },
    "metrics_at_coverage": {
        "cov_0.7": {
            "coverage": 0.7000368052999631,
            "balanced_error": 0.42532970974506124,
            "worst_error": 0.6230769230769231,
            "group_errors": [
                0.2275824964131994,
                0.6230769230769231
            ],
            "overall_error": 0.2365930599369085
        },
        "cov_0.8": {
            "coverage": 0.8001472211998528,
            "balanced_error": 0.4573668321232775,
            "worst_error": 0.6352941176470588,
            "group_errors": [
                0.2794395465994962,
                0.6352941176470588
            ],
            "overall_error": 0.28871511806194416
        },
        "cov_0.9": {
            "coverage": 0.900012268433321,
            "balanced_error": 0.5069093714927049,
            "worst_error": 0.6875,
            "group_errors": [
                0.32631874298540964,
                0.6875
            ],
            "overall_error": 0.3365594329334788
        }
    },
    "plugin_metrics_at_threshold": {
        "coverage": 0.6437246963562753,
        "balanced_error": 0.3950509178179931,
        "worst_error": 0.5925925925925926,
        "group_errors": [
            0.19750924304339368,
            0.5925925925925926
        ],
        "overall_error": 0.20564131884886605
    },
    "ece": 0.015988286584615707,
    "selective_risks": {
        "cost_0.3": {
            "balanced": 0.3311796498648497,
            "worst": 0.42897958983234263
        },
        "cost_0.5": {
            "balanced": 0.4220967513672682,
            "worst": 0.5408163272266755
        },
        "cost_0.7": {
            "balanced": 0.5130138528696867,
            "worst": 0.6526530646210084
        }
    }
}