{
    "aurc_balanced": 0.2949928331141407,
    "aurc_worst": 0.47306982111079565,
    "aurc_balanced_02_10": 0.35957241625646974,
    "aurc_worst_02_10": 0.5728692946286468,
    "aurc_balanced_bootstrap": {
        "mean": 0.29404677230561815,
        "95ci_lower": 0.2507945326217378,
        "95ci_upper": 0.3406508694734511
    },
    "metrics_at_coverage": {
        "cov_0.7": {
            "coverage": 0.7002821739663845,
            "balanced_error": 0.424721838253981,
            "worst_error": 0.6689655172413793,
            "group_errors": [
                0.18047815926658273,
                0.6689655172413793
            ],
            "overall_error": 0.1928871758934828
        },
        "cov_0.8": {
            "coverage": 0.8000245368666421,
            "balanced_error": 0.46933083470830556,
            "worst_error": 0.7052023121387283,
            "group_errors": [
                0.2334593572778828,
                0.7052023121387283
            ],
            "overall_error": 0.24597454378162853
        },
        "cov_0.9": {
            "coverage": 0.900012268433321,
            "balanced_error": 0.5103387887811685,
            "worst_error": 0.7370892018779343,
            "group_errors": [
                0.28358837568440265,
                0.7370892018779343
            ],
            "overall_error": 0.2967557251908397
        }
    },
    "plugin_metrics_at_threshold": {
        "coverage": 0.6666666666666666,
        "balanced_error": 0.411787837466059,
        "worst_error": 0.6587301587301587,
        "group_errors": [
            0.1648455162019593,
            0.6587301587301587
        ],
        "overall_error": 0.17629738682370266
    },
    "ece": 0.023070072755217552,
    "selective_risks": {
        "cost_0.3": {
            "balanced": 0.3468742954014691,
            "worst": 0.48448980143821674
        },
        "cost_0.5": {
            "balanced": 0.4283068405865582,
            "worst": 0.5816326527909084
        },
        "cost_0.7": {
            "balanced": 0.5097393857716472,
            "worst": 0.6787755041436
        }
    }
}