{
    "aurc_balanced": 0.29319356672587277,
    "aurc_worst": 0.3999944599307293,
    "aurc_balanced_02_10": 0.34235459223419845,
    "aurc_worst_02_10": 0.44981255779353746,
    "aurc_balanced_bootstrap": {
        "mean": 0.2939437035050317,
        "95ci_lower": 0.2701814829840754,
        "95ci_upper": 0.3187949712218647
    },
    "aurc_balanced_02_10_bootstrap": {
        "mean": 0.34576935672217324,
        "95ci_lower": 0.32057341286935215,
        "95ci_upper": 0.36996805115831294
    },
    "metrics_at_coverage": {
        "cov_0.7": {
            "coverage": 0.7001594896331739,
            "balanced_error": 0.41903448614900574,
            "worst_error": 0.5340314136125655,
            "group_errors": [
                0.304037558685446,
                0.5340314136125655
            ],
            "overall_error": 0.3194322761520939
        },
        "cov_0.8": {
            "coverage": 0.8000245368666421,
            "balanced_error": 0.4600081733156762,
            "worst_error": 0.56875,
            "group_errors": [
                0.3512663466313525,
                0.56875
            ],
            "overall_error": 0.3672749578285539
        },
        "cov_0.9": {
            "coverage": 0.9001349527665317,
            "balanced_error": 0.504254457251639,
            "worst_error": 0.6147403685092128,
            "group_errors": [
                0.3937685459940653,
                0.6147403685092128
            ],
            "overall_error": 0.41174867111898594
        }
    },
    "ece": 0.048845939338207245
}