{
    "aurc_balanced": 0.4502749905431287,
    "aurc_worst": 0.782479977672928,
    "aurc_balanced_02_10": 0.4417330547090906,
    "aurc_worst_02_10": 0.7354496419369706,
    "aurc_balanced_bootstrap": {
        "mean": 0.4449941333596893,
        "95ci_lower": 0.4159918860315755,
        "95ci_upper": 0.47111397021812035
    },
    "aurc_balanced_02_10_bootstrap": {
        "mean": 0.44174826540851664,
        "95ci_lower": 0.40749801147403014,
        "95ci_upper": 0.472779022806953
    },
    "metrics_at_coverage": {
        "cov_0.7": {
            "coverage": 0.7001594896331739,
            "balanced_error": 0.43472976192776047,
            "worst_error": 0.6846846846846847,
            "group_errors": [
                0.18477483917083626,
                0.6846846846846847
            ],
            "overall_error": 0.19449798493078674
        },
        "cov_0.8": {
            "coverage": 0.8000245368666421,
            "balanced_error": 0.4442737853156232,
            "worst_error": 0.6551724137931034,
            "group_errors": [
                0.23337515683814303,
                0.6551724137931034
            ],
            "overall_error": 0.2427541788069314
        },
        "cov_0.9": {
            "coverage": 0.9001349527665317,
            "balanced_error": 0.47073422320060504,
            "worst_error": 0.6559139784946236,
            "group_errors": [
                0.28555446790658645,
                0.6559139784946236
            ],
            "overall_error": 0.29494343737222295
        }
    },
    "metrics_point_c_train": {
        "coverage": 0,
        "balanced_error": 1.0,
        "worst_error": 1.0,
        "group_errors": [
            1.0,
            1.0
        ],
        "overall_error": 1.0
    },
    "ece": 0.030743831768631935
}