{
    "aurc_balanced": 0.3035571315080437,
    "aurc_worst": 0.4210453079620416,
    "aurc_balanced_02_10": 0.34269379219407825,
    "aurc_worst_02_10": 0.45077339015512985,
    "aurc_balanced_bootstrap": {
        "mean": 0.30401188071401075,
        "95ci_lower": 0.27979338892550043,
        "95ci_upper": 0.32909690279270654
    },
    "aurc_balanced_02_10_bootstrap": {
        "mean": 0.346034903119404,
        "95ci_lower": 0.3205188460215276,
        "95ci_upper": 0.37076850852893517
    },
    "metrics_at_coverage": {
        "cov_0.7": {
            "coverage": 0.7000368052999631,
            "balanced_error": 0.41657729157729156,
            "worst_error": 0.5291005291005291,
            "group_errors": [
                0.30405405405405406,
                0.5291005291005291
            ],
            "overall_error": 0.3189624956186471
        },
        "cov_0.8": {
            "coverage": 0.8002699055330634,
            "balanced_error": 0.45940482100501956,
            "worst_error": 0.5666666666666667,
            "group_errors": [
                0.35214297534337247,
                0.5666666666666667
            ],
            "overall_error": 0.3679288670856967
        },
        "cov_0.9": {
            "coverage": 0.900012268433321,
            "balanced_error": 0.5045840587222966,
            "worst_error": 0.6144781144781144,
            "group_errors": [
                0.3946900029664788,
                0.6144781144781144
            ],
            "overall_error": 0.41248636859323884
        }
    },
    "ece": 0.04681961238384247
}