{
    "aurc_balanced": 0.39316877637960956,
    "aurc_worst": 0.6439541032083305,
    "aurc_balanced_02_10": 0.4072643149497743,
    "aurc_worst_02_10": 0.6354179426815543,
    "aurc_balanced_bootstrap": {
        "mean": 0.39152104016885664,
        "95ci_lower": 0.33015939212317547,
        "95ci_upper": 0.458225577308111
    },
    "aurc_balanced_02_10_bootstrap": {
        "mean": 0.41070557001103053,
        "95ci_lower": 0.3543079628799297,
        "95ci_upper": 0.4668544113684954
    },
    "metrics_at_coverage": {
        "cov_0.7": {
            "coverage": 0.7002821739663845,
            "balanced_error": 0.45269643664195625,
            "worst_error": 0.6721311475409837,
            "group_errors": [
                0.2332617257429288,
                0.6721311475409837
            ],
            "overall_error": 0.24264190609670633
        },
        "cov_0.8": {
            "coverage": 0.8000245368666421,
            "balanced_error": 0.47331854128963485,
            "worst_error": 0.6578947368421053,
            "group_errors": [
                0.2887423457371644,
                0.6578947368421053
            ],
            "overall_error": 0.2973470326637019
        },
        "cov_0.9": {
            "coverage": 0.9001349527665317,
            "balanced_error": 0.5063187857414357,
            "worst_error": 0.6734693877551021,
            "group_errors": [
                0.33916818372776925,
                0.6734693877551021
            ],
            "overall_error": 0.34809867793376037
        }
    },
    "ece": 0.03716469928622246
}