{
    "aurc_balanced": 0.2804403306475981,
    "aurc_worst": 0.43389583233737905,
    "aurc_balanced_02_10": 0.3257348671671232,
    "aurc_worst_02_10": 0.5009095985724914,
    "aurc_balanced_bootstrap": {
        "mean": 0.2759274381144088,
        "95ci_lower": 0.24448548400398673,
        "95ci_upper": 0.3114581929380944
    },
    "metrics_at_coverage": {
        "cov_0.7": {
            "coverage": 0.7002821739663845,
            "balanced_error": 0.40085899491967264,
            "worst_error": 0.6258503401360545,
            "group_errors": [
                0.17586764970329083,
                0.6258503401360545
            ],
            "overall_error": 0.18745620182200418
        },
        "cov_0.8": {
            "coverage": 0.8002699055330634,
            "balanced_error": 0.44841676380039414,
            "worst_error": 0.6740331491712708,
            "group_errors": [
                0.2228003784295175,
                0.6740331491712708
            ],
            "overall_error": 0.2353211712402269
        },
        "cov_0.9": {
            "coverage": 0.900380321432953,
            "balanced_error": 0.49595597984619466,
            "worst_error": 0.7222222222222222,
            "group_errors": [
                0.2696897374701671,
                0.7222222222222222
            ],
            "overall_error": 0.2830085842757869
        }
    },
    "plugin_metrics_at_threshold": {
        "coverage": 0.6161207213838793,
        "balanced_error": 0.3562050234837656,
        "worst_error": 0.5760000000000001,
        "group_errors": [
            0.13641004696753112,
            0.5760000000000001
        ],
        "overall_error": 0.14735165272799677
    },
    "ece": 0.024492979049682617,
    "selective_risks": {
        "cost_0.3": {
            "balanced": 0.3197441007101771,
            "worst": 0.44081631253690146
        },
        "cost_0.5": {
            "balanced": 0.4067833925688502,
            "worst": 0.5387754971835079
        },
        "cost_0.7": {
            "balanced": 0.49382268442752325,
            "worst": 0.6367346818301143
        }
    }
}