{
    "aurc_balanced": 0.2776270570447105,
    "aurc_worst": 0.43270036853444693,
    "aurc_balanced_02_10": 0.34313360821211636,
    "aurc_worst_02_10": 0.5331054344533401,
    "aurc_balanced_bootstrap": {
        "mean": 0.2769206917284374,
        "95ci_lower": 0.23947468247128484,
        "95ci_upper": 0.3177780641960164
    },
    "metrics_at_coverage": {
        "cov_0.7": {
            "coverage": 0.7002821739663845,
            "balanced_error": 0.41660775776660297,
            "worst_error": 0.6417910447761195,
            "group_errors": [
                0.19142447075708646,
                0.6417910447761195
            ],
            "overall_error": 0.20199719691660822
        },
        "cov_0.8": {
            "coverage": 0.8000245368666421,
            "balanced_error": 0.4450762335595208,
            "worst_error": 0.6473988439306358,
            "group_errors": [
                0.24275362318840576,
                0.6473988439306358
            ],
            "overall_error": 0.25348872872258854
        },
        "cov_0.9": {
            "coverage": 0.900012268433321,
            "balanced_error": 0.4895001040366209,
            "worst_error": 0.6898148148148149,
            "group_errors": [
                0.28918539325842696,
                0.6898148148148149
            ],
            "overall_error": 0.3009814612868048
        }
    },
    "plugin_metrics_at_threshold": {
        "coverage": 0.5969819654030181,
        "balanced_error": 0.36102391942929085,
        "worst_error": 0.5800000000000001,
        "group_errors": [
            0.14204783885858163,
            0.5800000000000001
        ],
        "overall_error": 0.15104808877928488
    },
    "ece": 0.018061937764286995,
    "selective_risks": {
        "cost_0.3": {
            "balanced": 0.30953344626531826,
            "worst": 0.4142857113906313
        },
        "cost_0.5": {
            "balanced": 0.40843379123316037,
            "worst": 0.5326530555316378
        },
        "cost_0.7": {
            "balanced": 0.5073341362010024,
            "worst": 0.6510203996726442
        }
    }
}