{
    "aurc_balanced": 0.27032034898117163,
    "aurc_worst": 0.4108453586458101,
    "aurc_balanced_02_10": 0.3261417017612349,
    "aurc_worst_02_10": 0.49063038585302904,
    "aurc_balanced_bootstrap": {
        "mean": 0.26726356705797066,
        "95ci_lower": 0.236905084102896,
        "95ci_upper": 0.29963362069191424
    },
    "metrics_at_coverage": {
        "cov_0.7": {
            "coverage": 0.7000368052999631,
            "balanced_error": 0.4050187903600692,
            "worst_error": 0.6149068322981366,
            "group_errors": [
                0.19513074842200184,
                0.6149068322981366
            ],
            "overall_error": 0.20697511391517698
        },
        "cov_0.8": {
            "coverage": 0.8001472211998528,
            "balanced_error": 0.44703609026597424,
            "worst_error": 0.6542553191489362,
            "group_errors": [
                0.23981686138301228,
                0.6542553191489362
            ],
            "overall_error": 0.25176326280282124
        },
        "cov_0.9": {
            "coverage": 0.900012268433321,
            "balanced_error": 0.4809301181102362,
            "worst_error": 0.6830357142857143,
            "group_errors": [
                0.27882452193475815,
                0.6830357142857143
            ],
            "overall_error": 0.29116684841875684
        }
    },
    "plugin_metrics_at_threshold": {
        "coverage": 0.5333087964666912,
        "balanced_error": 0.29207712739131897,
        "worst_error": 0.4591836734693877,
        "group_errors": [
            0.12497058131325023,
            0.4591836734693877
        ],
        "overall_error": 0.1325051759834368
    },
    "ece": 0.06294748187065125,
    "selective_risks": {
        "cost_0.3": {
            "balanced": 0.28480283177276905,
            "worst": 0.36367346620073115
        },
        "cost_0.5": {
            "balanced": 0.3910588369407302,
            "worst": 0.4836734650086383
        },
        "cost_0.7": {
            "balanced": 0.49731484210869126,
            "worst": 0.6036734638165453
        }
    }
}