{
    "aurc_balanced": 0.26613273351671896,
    "aurc_worst": 0.41604578822536115,
    "aurc_balanced_02_10": 0.3292314990880516,
    "aurc_worst_02_10": 0.5133716905835873,
    "aurc_balanced_bootstrap": {
        "mean": 0.2649641827897327,
        "95ci_lower": 0.23087824032894683,
        "95ci_upper": 0.3029184442389984
    },
    "metrics_at_coverage": {
        "cov_0.7": {
            "coverage": 0.7001594896331739,
            "balanced_error": 0.40020732671290715,
            "worst_error": 0.6240601503759399,
            "group_errors": [
                0.17635450304987443,
                0.6240601503759399
            ],
            "overall_error": 0.18678815489749434
        },
        "cov_0.8": {
            "coverage": 0.8000245368666421,
            "balanced_error": 0.43873463185522865,
            "worst_error": 0.6491228070175439,
            "group_errors": [
                0.22834645669291342,
                0.6491228070175439
            ],
            "overall_error": 0.2393804631191535
        },
        "cov_0.9": {
            "coverage": 0.9001349527665317,
            "balanced_error": 0.4752111320325721,
            "worst_error": 0.6650485436893203,
            "group_errors": [
                0.28537372037582387,
                0.6650485436893203
            ],
            "overall_error": 0.2960338012811776
        }
    },
    "plugin_metrics_at_threshold": {
        "coverage": 0.23506318243160348,
        "balanced_error": 0.011597258829731172,
        "worst_error": 0.023194517659462344,
        "group_errors": [
            0.023194517659462344,
            0.0
        ],
        "overall_error": 0.022964509394572064
    },
    "ece": 0.0377255454659462,
    "selective_risks": {
        "cost_0.3": {
            "balanced": 0.25515839248989125,
            "worst": 0.2767346933484077
        },
        "cost_0.5": {
            "balanced": 0.42340885639284154,
            "worst": 0.4612244889140129
        },
        "cost_0.7": {
            "balanced": 0.5916593202957918,
            "worst": 0.645714284479618
        }
    }
}