{
    "aurc_balanced": 0.23936527561191168,
    "aurc_worst": 0.35462167619440105,
    "aurc_balanced_02_10": 0.29613510920788766,
    "aurc_worst_02_10": 0.4353599954640586,
    "aurc_balanced_bootstrap": {
        "mean": 0.2376202152783757,
        "95ci_lower": 0.20667229771733958,
        "95ci_upper": 0.2685951239218645
    },
    "metrics_at_coverage": {
        "cov_0.7": {
            "coverage": 0.7000368052999631,
            "balanced_error": 0.38063742836347547,
            "worst_error": 0.5734265734265734,
            "group_errors": [
                0.1878482833003775,
                0.5734265734265734
            ],
            "overall_error": 0.1975113915177007
        },
        "cov_0.8": {
            "coverage": 0.8001472211998528,
            "balanced_error": 0.4162437684439733,
            "worst_error": 0.5965909090909092,
            "group_errors": [
                0.23589662779703746,
                0.5965909090909092
            ],
            "overall_error": 0.2456301747930083
        },
        "cov_0.9": {
            "coverage": 0.9002576370997424,
            "balanced_error": 0.46184591404291936,
            "worst_error": 0.6350710900473934,
            "group_errors": [
                0.28862073803844535,
                0.6350710900473934
            ],
            "overall_error": 0.2985827200872172
        }
    },
    "plugin_metrics_at_threshold": {
        "coverage": 0.28548644338118023,
        "balanced_error": 0.019714038128249567,
        "worst_error": 0.039428076256499134,
        "group_errors": [
            0.039428076256499134,
            0.0
        ],
        "overall_error": 0.03910614525139666
    },
    "ece": 0.023615820333361626,
    "selective_risks": {
        "cost_0.3": {
            "balanced": 0.25033294402564243,
            "worst": 0.2767346933484077
        },
        "cost_0.5": {
            "balanced": 0.4133848249217339,
            "worst": 0.4612244889140129
        },
        "cost_0.7": {
            "balanced": 0.5764367058178252,
            "worst": 0.645714284479618
        }
    },
    "aurc_results": {
        "standard": 0.12671070704361992,
        "standard_02_10": 0.12407109168617048,
        "balanced": 0.20306936088254823,
        "balanced_02_10": 0.20147854914653052,
        "worst": 0.26361209674930786,
        "worst_02_10": 0.2604304732772724
    }
}