{
    "aurc_balanced": 0.34674806820511644,
    "aurc_worst": 0.4869554944406278,
    "aurc_balanced_02_10": 0.3511211077553103,
    "aurc_worst_02_10": 0.491079361815903,
    "aurc_balanced_bootstrap": {
        "mean": 0.34132212992571104,
        "95ci_lower": 0.30359095334371394,
        "95ci_upper": 0.378486242756835
    },
    "metrics_at_coverage": {
        "cov_0.7": {
            "coverage": 0.7000368052999631,
            "balanced_error": 0.40342182323818515,
            "worst_error": 0.5780346820809248,
            "group_errors": [
                0.2288089643954455,
                0.5780346820809248
            ],
            "overall_error": 0.2393971258324571
        },
        "cov_0.8": {
            "coverage": 0.8000245368666421,
            "balanced_error": 0.44592138435239315,
            "worst_error": 0.6237623762376238,
            "group_errors": [
                0.26808039246716253,
                0.6237623762376238
            ],
            "overall_error": 0.27909829780708484
        },
        "cov_0.9": {
            "coverage": 0.900012268433321,
            "balanced_error": 0.48193858936051115,
            "worst_error": 0.6593886462882096,
            "group_errors": [
                0.3044885324328127,
                0.6593886462882096
            ],
            "overall_error": 0.315567066521265
        }
    },
    "plugin_metrics_at_threshold": {
        "coverage": 0.21592442645074225,
        "balanced_error": 0.08901734104046244,
        "worst_error": 0.17803468208092488,
        "group_errors": [
            0.17803468208092488,
            0.0
        ],
        "overall_error": 0.17500000000000004
    },
    "ece": 0.02358316443860531,
    "selective_risks": {
        "cost_0.3": {
            "balanced": 0.26828835669411666,
            "worst": 0.2733114076307108
        },
        "cost_0.5": {
            "balanced": 0.43416134330882084,
            "worst": 0.43877550959587097
        },
        "cost_0.7": {
            "balanced": 0.6000343299235249,
            "worst": 0.6142857134342193
        }
    }
}