{
    "aurc_balanced": 0.25678728708577647,
    "aurc_worst": 0.4046216046280659,
    "aurc_balanced_02_10": 0.31662304707992706,
    "aurc_worst_02_10": 0.49654074086671823,
    "aurc_balanced_bootstrap": {
        "mean": 0.25537742615814524,
        "95ci_lower": 0.2167378639494978,
        "95ci_upper": 0.3000061079713059
    },
    "metrics_at_coverage": {
        "cov_0.7": {
            "coverage": 0.7000368052999631,
            "balanced_error": 0.38624929771694166,
            "worst_error": 0.6071428571428572,
            "group_errors": [
                0.16535573829102612,
                0.6071428571428572
            ],
            "overall_error": 0.17402733964248163
        },
        "cov_0.8": {
            "coverage": 0.8005152741994848,
            "balanced_error": 0.4279890616296146,
            "worst_error": 0.6387096774193548,
            "group_errors": [
                0.21726844583987437,
                0.6387096774193548
            ],
            "overall_error": 0.22727969348659005
        },
        "cov_0.9": {
            "coverage": 0.9005030057661637,
            "balanced_error": 0.472299009325578,
            "worst_error": 0.6748768472906403,
            "group_errors": [
                0.26972117136051565,
                0.6748768472906403
            ],
            "overall_error": 0.28092643051771116
        }
    },
    "plugin_metrics_at_threshold": {
        "coverage": 0.28033370138633296,
        "balanced_error": 0.11368653421633551,
        "worst_error": 0.19999999999999996,
        "group_errors": [
            0.027373068432671066,
            0.19999999999999996
        ],
        "overall_error": 0.02888402625820574
    },
    "ece": 0.02449335902929306,
    "selective_risks": {
        "cost_0.3": {
            "balanced": 0.2568657489058358,
            "worst": 0.2918367351044197
        },
        "cost_0.5": {
            "balanced": 0.42005335628360335,
            "worst": 0.4755102048266907
        },
        "cost_0.7": {
            "balanced": 0.5832409636613709,
            "worst": 0.6591836745489617
        }
    },
    "aurc_results": {
        "standard": 0.1132512523422743,
        "balanced": 0.2214387327141063,
        "worst": 0.015463763538111408
    }
}